{"cameraMode":{"drawMode":0,"name":"Shaded","section":"Shading Mode"},"sceneLighting":true,"audioPlay":false,"sceneViewState":{"m_AlwaysRefresh":false,"showFog":true,"showSkybox":true,"showFlares":true,"showImageEffects":true,"showParticleSystems":true,"showVisualEffectGraphs":true,"m_FxEnabled":true},"in2DMode":false,"pivot":{"x":5.0887980461120609,"y":-8.382304191589356,"z":16.175918579101564},"rotation":{"x":0.22483383119106294,"y":0.09972253441810608,"z":-0.02350735478103161,"w":0.969085156917572},"size":14.800826072692871,"orthographic":false}