{"cameraMode":{"drawMode":0,"name":"Shaded","section":"Shading Mode"},"sceneLighting":true,"audioPlay":false,"sceneViewState":{"m_AlwaysRefresh":false,"showFog":true,"showSkybox":true,"showFlares":true,"showImageEffects":true,"showParticleSystems":true,"showVisualEffectGraphs":true,"m_FxEnabled":true},"in2DMode":false,"pivot":{"x":3.5750107765197756,"y":1.281338095664978,"z":-4.139008522033691},"rotation":{"x":-0.08062200993299484,"y":-0.01047648023813963,"z":0.0009661857038736343,"w":-0.9967609643936157},"size":1.1894879341125489,"orthographic":false}